cover_pic,link,title,rating,quote
https://img3.doubanio.com/view/photo/s_ratio_poster/public/p480747492.jpg,https://movie.douban.com/subject/1292052/,肖申克的救赎,9.6,希望让人自由。
https://img3.doubanio.com/view/photo/s_ratio_poster/public/p1910813120.jpg,https://movie.douban.com/subject/1291546/,霸王别姬,9.6,风华绝代。
https://img3.doubanio.com/view/photo/s_ratio_poster/public/p511118051.jpg,https://movie.douban.com/subject/1295644/,这个杀手不太冷,9.4,怪蜀黍和小萝莉不得不说的故事。
https://img1.doubanio.com/view/photo/s_ratio_poster/public/p510876377.jpg,https://movie.douban.com/subject/1292720/,阿甘正传,9.4,一部美国近现代史。
https://img3.doubanio.com/view/photo/s_ratio_poster/public/p510861873.jpg,https://movie.douban.com/subject/1292063/,美丽人生,9.5,最美的谎言。
https://img3.doubanio.com/view/photo/s_ratio_poster/public/p457760035.jpg,https://movie.douban.com/subject/1292722/,泰坦尼克号,9.3,失去的才是永恒的。 
https://img3.doubanio.com/view/photo/s_ratio_poster/public/p1606727862.jpg,https://movie.douban.com/subject/1291561/,千与千寻,9.3,最好的宫崎骏，最好的久石让。 
https://img3.doubanio.com/view/photo/s_ratio_poster/public/p492406163.jpg,https://movie.douban.com/subject/1295124/,辛德勒的名单,9.4,拯救一个人，就是拯救整个世界。
https://img3.doubanio.com/view/photo/s_ratio_poster/public/p513344864.jpg,https://movie.douban.com/subject/3541415/,盗梦空间,9.3,诺兰给了我们一场无法盗取的梦。
https://img3.doubanio.com/view/photo/s_ratio_poster/public/p1461851991.jpg,https://movie.douban.com/subject/2131459/,机器人总动员,9.3,小瓦力，大人生。
https://img3.doubanio.com/view/photo/s_ratio_poster/public/p524964016.jpg,https://movie.douban.com/subject/3011091/,忠犬八公的故事,9.3,永远都不能忘记你所爱的人。
https://img3.doubanio.com/view/photo/s_ratio_poster/public/p579729551.jpg,https://movie.douban.com/subject/3793023/,三傻大闹宝莱坞,9.2,英俊版憨豆，高情商版谢耳朵。
https://img1.doubanio.com/view/photo/s_ratio_poster/public/p511146807.jpg,https://movie.douban.com/subject/1292001/,海上钢琴师,9.2,每个人都要走一条自己坚定了的路，就算是粉身碎骨。 
https://img3.doubanio.com/view/photo/s_ratio_poster/public/p1910824951.jpg,https://movie.douban.com/subject/1291549/,放牛班的春天,9.2,天籁一般的童声，是最接近上帝的存在。 
https://img3.doubanio.com/view/photo/s_ratio_poster/public/p2455050536.jpg,https://movie.douban.com/subject/1292213/,大话西游之大圣娶亲,9.2,一生所爱。
https://img3.doubanio.com/view/photo/s_ratio_poster/public/p479682972.jpg,https://movie.douban.com/subject/1292064/,楚门的世界,9.2,如果再也不能见到你，祝你早安，午安，晚安。
https://img3.doubanio.com/view/photo/s_ratio_poster/public/p2190556185.jpg,https://movie.douban.com/subject/1291841/,教父,9.2,千万不要记恨你的对手，这样会让你失去理智。
https://img1.doubanio.com/view/photo/s_ratio_poster/public/p537668599.jpg,https://movie.douban.com/subject/1291560/,龙猫,9.1,人人心中都有个龙猫，童年就永远不会消失。
https://img3.doubanio.com/view/photo/s_ratio_poster/public/p2206088801.jpg,https://movie.douban.com/subject/1889243/,星际穿越,9.2,爱是一种力量，让我们超越时空感知它的存在。
https://img3.doubanio.com/view/photo/s_ratio_poster/public/p1363250216.jpg,https://movie.douban.com/subject/5912992/,熔炉,9.2,我们一路奋战不是为了改变世界，而是为了不让世界改变我们。
https://img3.doubanio.com/view/photo/s_ratio_poster/public/p2233971046.jpg,https://movie.douban.com/subject/1307914/,无间道,9.1,香港电影史上永不过时的杰作。
https://img3.doubanio.com/view/photo/s_ratio_poster/public/p1454261925.jpg,https://movie.douban.com/subject/6786002/,触不可及,9.2,满满温情的高雅喜剧。
https://img3.doubanio.com/view/photo/s_ratio_poster/public/p1312700744.jpg,https://movie.douban.com/subject/1849031/,当幸福来敲门,9.0,平民励志片。 
https://img3.doubanio.com/view/photo/s_ratio_poster/public/p1963126880.jpg,https://movie.douban.com/subject/1300267/,乱世佳人,9.2,Tomorrow is another day.
https://img3.doubanio.com/view/photo/s_ratio_poster/public/p663036666.jpg,https://movie.douban.com/subject/3319755/,怦然心动,9.0,真正的幸福是来自内心深处。
https://img1.doubanio.com/view/photo/s_ratio_poster/public/p2315672647.jpg,https://movie.douban.com/subject/25662329/,疯狂动物城,9.1,迪士尼给我们营造的乌托邦就是这样，永远善良勇敢，永远出乎意料。
https://img3.doubanio.com/view/photo/s_ratio_poster/public/p1910901025.jpg,https://movie.douban.com/subject/1291828/,天堂电影院,9.1,那些吻戏，那些青春，都在影院的黑暗里被泪水冲刷得无比清晰。
https://img3.doubanio.com/view/photo/s_ratio_poster/public/p462657443.jpg,https://movie.douban.com/subject/1851857/,蝙蝠侠：黑暗骑士,9.1,无尽的黑暗。
https://img3.doubanio.com/view/photo/s_ratio_poster/public/p2173577632.jpg,https://movie.douban.com/subject/1293182/,十二怒汉,9.4,1957年的理想主义。 
https://img3.doubanio.com/view/photo/s_ratio_poster/public/p1181775734.jpg,https://movie.douban.com/subject/1291858/,鬼子来了,9.2,对敌人的仁慈，就是对自己残忍。
https://img3.doubanio.com/view/photo/s_ratio_poster/public/p2513253791.jpg,https://movie.douban.com/subject/1292365/,活着,9.1,张艺谋最好的电影。
https://img3.doubanio.com/view/photo/s_ratio_poster/public/p1784592701.jpg,https://movie.douban.com/subject/1929463/,少年派的奇幻漂流,9.0,瑰丽壮观、无人能及的冒险之旅。
https://img3.doubanio.com/view/photo/s_ratio_poster/public/p1910825503.jpg,https://movie.douban.com/subject/1291552/,指环王3：王者无敌,9.1,史诗的终章。
https://img1.doubanio.com/view/photo/s_ratio_poster/public/p1910926158.jpg,https://movie.douban.com/subject/1292000/,搏击俱乐部,9.0,邪恶与平庸蛰伏于同一个母体，在特定的时间互相对峙。
https://img1.doubanio.com/view/photo/s_ratio_poster/public/p1446261379.jpg,https://movie.douban.com/subject/1291583/,天空之城,9.0,对天空的追逐，永不停止。 
https://img1.doubanio.com/view/photo/s_ratio_poster/public/p1505392928.jpg,https://movie.douban.com/subject/1296141/,控方证人,9.6,比利·怀德满分作品。
https://img3.doubanio.com/view/photo/s_ratio_poster/public/p2364094053.jpg,https://movie.douban.com/subject/2129039/,飞屋环游记,8.9,最后那些最无聊的事情，才是最值得怀念的。 
https://img3.doubanio.com/view/photo/s_ratio_poster/public/p1280323646.jpg,https://movie.douban.com/subject/1299398/,大话西游之月光宝盒,8.9,旷古烁今。
https://img3.doubanio.com/view/photo/s_ratio_poster/public/p2189265085.jpg,https://movie.douban.com/subject/1293839/,罗马假日,8.9,爱情哪怕只有一天。
https://img1.doubanio.com/view/photo/s_ratio_poster/public/p1808872109.jpg,https://movie.douban.com/subject/1900841/,窃听风暴,9.1,别样人生。
https://img1.doubanio.com/view/photo/s_ratio_poster/public/p792443418.jpg,https://movie.douban.com/subject/1293350/,两杆大烟枪,9.1,4个臭皮匠顶个诸葛亮，盖·里奇果然不是盖的。
https://img1.doubanio.com/view/photo/s_ratio_poster/public/p792238287.jpg,https://movie.douban.com/subject/1292224/,飞越疯人院,9.0,自由万岁。
https://img3.doubanio.com/view/photo/s_ratio_poster/public/p2457983084.jpg,https://movie.douban.com/subject/26387939/,摔跤吧！爸爸,9.1,你不是在为你一个人战斗，你要让千千万万的女性看到女生并不是只能相夫教子。
https://img1.doubanio.com/view/photo/s_ratio_poster/public/p925123037.jpg,https://movie.douban.com/subject/1298624/,闻香识女人,9.0,史上最美的探戈。
https://img3.doubanio.com/view/photo/s_ratio_poster/public/p2174346180.jpg,https://movie.douban.com/subject/1308807/,哈尔的移动城堡,8.9,带着心爱的人在天空飞翔。
https://img3.doubanio.com/view/photo/s_ratio_poster/public/p2158166535.jpg,https://movie.douban.com/subject/21937445/,辩护人,9.2,电影的现实意义大过电影本身。
https://img3.doubanio.com/view/photo/s_ratio_poster/public/p1910824340.jpg,https://movie.douban.com/subject/1291548/,死亡诗社,9.0,当一个死水般的体制内出现一个活跃的变数时，所有的腐臭都站在了光明的对面。
https://img3.doubanio.com/view/photo/s_ratio_poster/public/p1465235231.jpg,https://movie.douban.com/subject/1309046/,V字仇杀队,8.8,一张面具背后的理想与革命。
https://img3.doubanio.com/view/photo/s_ratio_poster/public/p455222172.jpg,https://movie.douban.com/subject/3442220/,海豚湾,9.3,海豚的微笑，是世界上最高明的伪装。
https://img1.doubanio.com/view/photo/s_ratio_poster/public/p2194138787.jpg,https://movie.douban.com/subject/1299131/,教父2,9.1,优雅的孤独。
https://img3.doubanio.com/view/photo/s_ratio_poster/public/p909265336.jpg,https://movie.douban.com/subject/1291572/,指环王2：双塔奇兵,9.0,承前启后的史诗篇章。
https://img3.doubanio.com/view/photo/s_ratio_poster/public/p1665997400.jpg,https://movie.douban.com/subject/1306029/,美丽心灵,8.9,爱是一切逻辑和原由。
https://img3.doubanio.com/view/photo/s_ratio_poster/public/p1354436051.jpg,https://movie.douban.com/subject/1291571/,指环王1：魔戒再现,8.9,传说的开始。
https://img3.doubanio.com/view/photo/s_ratio_poster/public/p1910899751.jpg,https://movie.douban.com/subject/1291818/,饮食男女,9.1,人生不能像做菜，把所有的料都准备好了才下锅。
https://img1.doubanio.com/view/photo/s_ratio_poster/public/p449897379.jpg,https://movie.douban.com/subject/1292220/,情书,8.8,暗恋的极致。
https://img3.doubanio.com/view/photo/s_ratio_poster/public/p2118532944.jpg,https://movie.douban.com/subject/21937452/,素媛,9.1,受过伤害的人总是笑得最开心，因为他们不愿意让身边的人承受一样的痛苦。
https://img1.doubanio.com/view/photo/s_ratio_poster/public/p726659067.jpg,https://movie.douban.com/subject/1301753/,狮子王,8.9,动物版《哈姆雷特》。
https://img1.doubanio.com/view/photo/s_ratio_poster/public/p477229647.jpg,https://movie.douban.com/subject/1292262/,美国往事,9.1,往事如烟，无处祭奠。
https://img3.doubanio.com/view/photo/s_ratio_poster/public/p792484461.jpg,https://movie.douban.com/subject/1296736/,钢琴家,9.0,音乐能化解仇恨。
https://img3.doubanio.com/view/photo/s_ratio_poster/public/p2165511465.jpg,https://movie.douban.com/subject/1303021/,小鞋子,9.2,奔跑的孩子是天使。
https://img3.doubanio.com/view/photo/s_ratio_poster/public/p457631605.jpg,https://movie.douban.com/subject/1292223/,七宗罪,8.8,警察抓小偷，老鼠玩死猫。
https://img1.doubanio.com/view/photo/s_ratio_poster/public/p453723669.jpg,https://movie.douban.com/subject/1787291/,被嫌弃的松子的一生,8.9,以戏谑来戏谑戏谑。
https://img3.doubanio.com/view/photo/s_ratio_poster/public/p480383375.jpg,https://movie.douban.com/subject/1780330/,致命魔术,8.8,孪生蝙蝠侠大战克隆金刚狼。
https://img3.doubanio.com/view/photo/s_ratio_poster/public/p803896904.jpg,https://movie.douban.com/subject/1292215/,天使爱美丽,8.7,法式小清新。 
https://img3.doubanio.com/view/photo/s_ratio_poster/public/p2192535722.jpg,https://movie.douban.com/subject/1485260/,本杰明·巴顿奇事,8.8,在时间之河里感受溺水之苦。
https://img3.doubanio.com/view/photo/s_ratio_poster/public/p792400696.jpg,https://movie.douban.com/subject/1292402/,西西里的美丽传说,8.8,美丽无罪。
https://img1.doubanio.com/view/photo/s_ratio_poster/public/p453788577.jpg,https://movie.douban.com/subject/1294408/,音乐之声,8.9,用音乐化解仇恨，让歌声串起美好。
https://img1.doubanio.com/view/photo/s_ratio_poster/public/p451926968.jpg,https://movie.douban.com/subject/1291843/,黑客帝国,8.9,视觉革命。
https://img1.doubanio.com/view/photo/s_ratio_poster/public/p1512562287.jpg,https://movie.douban.com/subject/3742360/,让子弹飞,8.7,你给我翻译翻译，神马叫做TMD的惊喜。
https://img3.doubanio.com/view/photo/s_ratio_poster/public/p1014542496.jpg,https://movie.douban.com/subject/1292849/,拯救大兵瑞恩,8.9,美利坚精神输出大片No1.
https://img3.doubanio.com/view/photo/s_ratio_poster/public/p2498971355.jpg,https://movie.douban.com/subject/26580232/,看不见的客人,8.7,你以为你以为的就是你以为的。
https://img3.doubanio.com/view/photo/s_ratio_poster/public/p1910902213.jpg,https://movie.douban.com/subject/1291832/,低俗小说,8.8,故事的高级讲法。
https://img3.doubanio.com/view/photo/s_ratio_poster/public/p1374546770.jpg,https://movie.douban.com/subject/1294639/,勇敢的心,8.8,史诗大片的典范。
https://img1.doubanio.com/view/photo/s_ratio_poster/public/p480956937.jpg,https://movie.douban.com/subject/1292370/,剪刀手爱德华,8.7,浪漫忧郁的成人童话。
https://img1.doubanio.com/view/photo/s_ratio_poster/public/p1593414327.jpg,https://movie.douban.com/subject/1293544/,沉默的羔羊,8.8,安东尼·霍普金斯的顶级表演。
https://img3.doubanio.com/view/photo/s_ratio_poster/public/p452088641.jpg,https://movie.douban.com/subject/1293172/,末代皇帝,9.0,“不要跟我比惨，我比你更惨”再适合这部电影不过了。
https://img1.doubanio.com/view/photo/s_ratio_poster/public/p2184505167.jpg,https://movie.douban.com/subject/1418019/,大闹天宫,9.3,经典之作，历久弥新。
https://img1.doubanio.com/view/photo/s_ratio_poster/public/p2209066019.jpg,https://movie.douban.com/subject/1292343/,蝴蝶效应,8.7,人的命运被自己瞬间的抉择改变。
https://img1.doubanio.com/view/photo/s_ratio_poster/public/p594972928.jpg,https://movie.douban.com/subject/2149806/,入殓师,8.8,死可能是一道门，逝去并不是终结，而是超越，走向下一程。
https://img3.doubanio.com/view/photo/s_ratio_poster/public/p465939041.jpg,https://movie.douban.com/subject/1292679/,春光乍泄,8.8,爱情纠缠，男女一致。
https://img3.doubanio.com/view/photo/s_ratio_poster/public/p480965695.jpg,https://movie.douban.com/subject/1292656/,心灵捕手,8.8,人生中应该拥有这样的一段豁然开朗。
https://img3.doubanio.com/view/photo/s_ratio_poster/public/p804947166.jpg,https://movie.douban.com/subject/1295038/,哈利·波特与魔法石,8.8,童话世界的开端。
https://img1.doubanio.com/view/photo/s_ratio_poster/public/p1820615077.jpg,https://movie.douban.com/subject/3072124/,玛丽和马克思,8.9,你是我最好的朋友，你是我唯一的朋友 。
https://img1.doubanio.com/view/photo/s_ratio_poster/public/p967457079.jpg,https://movie.douban.com/subject/1291875/,阳光灿烂的日子,8.8,一场华丽的意淫。
https://img3.doubanio.com/view/photo/s_ratio_poster/public/p2178872593.jpg,https://movie.douban.com/subject/11525673/,布达佩斯大饭店,8.8,小清新的故事里注入了大历史的情怀。
https://img1.doubanio.com/view/photo/s_ratio_poster/public/p1832875827.jpg,https://movie.douban.com/subject/2334904/,禁闭岛,8.7,昔日翩翩少年，今日大腹便便。
https://img3.doubanio.com/view/photo/s_ratio_poster/public/p1613191025.jpg,https://movie.douban.com/subject/1297359/,幽灵公主,8.8,人与自然的战争史诗。
https://img3.doubanio.com/view/photo/s_ratio_poster/public/p2220184425.jpg,https://movie.douban.com/subject/1297630/,第六感,8.8,深入内心的恐怖，出人意料的结局。
https://img3.doubanio.com/view/photo/s_ratio_poster/public/p453924541.jpg,https://movie.douban.com/subject/1305487/,猫鼠游戏,8.8,骗子大师和执著警探的你追我跑故事。 
https://img3.doubanio.com/view/photo/s_ratio_poster/public/p792381411.jpg,https://movie.douban.com/subject/1291999/,重庆森林,8.7,寂寞没有期限。
https://img1.doubanio.com/view/photo/s_ratio_poster/public/p1546987967.jpg,https://movie.douban.com/subject/6985810/,狩猎,9.1,人言可畏。
https://img3.doubanio.com/view/photo/s_ratio_poster/public/p453720880.jpg,https://movie.douban.com/subject/1297192/,致命ID,8.7,最不可能的那个人永远是最可能的。
https://img1.doubanio.com/view/photo/s_ratio_poster/public/p513535588.jpg,https://movie.douban.com/subject/1418834/,断背山,8.7,每个人心中都有一座断背山。
https://img3.doubanio.com/view/photo/s_ratio_poster/public/p692813374.jpg,https://movie.douban.com/subject/1291545/,大鱼,8.7,抱着梦想而活着的人是幸福的，怀抱梦想而死去的人是不朽的。
https://img3.doubanio.com/view/photo/s_ratio_poster/public/p1473670352.jpg,https://movie.douban.com/subject/3008247/,穿条纹睡衣的男孩,8.9,尽管有些不切实际的幻想，这部电影依旧是一部感人肺腑的佳作。
https://img3.doubanio.com/view/photo/s_ratio_poster/public/p1596085504.jpg,https://movie.douban.com/subject/1298070/,加勒比海盗,8.6,约翰尼·德普的独角戏。
https://img3.doubanio.com/view/photo/s_ratio_poster/public/p689520756.jpg,https://movie.douban.com/subject/4268598/,告白,8.7,没有一人完全善，也没有一人完全恶。
https://img3.doubanio.com/view/photo/s_ratio_poster/public/p1962839732.jpg,https://movie.douban.com/subject/1305164/,甜蜜蜜,8.8,相逢只要一瞬间，等待却像是一辈子。
https://img1.doubanio.com/view/photo/s_ratio_poster/public/p2119675128.jpg,https://movie.douban.com/subject/1292434/,一一,8.9,我们都曾经是一一。
https://img3.doubanio.com/view/photo/s_ratio_poster/public/p1993903133.jpg,https://movie.douban.com/subject/1316510/,射雕英雄传之东成西就,8.7,百看不厌。 
https://img1.doubanio.com/view/photo/s_ratio_poster/public/p492458287.jpg,https://movie.douban.com/subject/1652587/,阿凡达,8.6,绝对意义上的美轮美奂。
https://img3.doubanio.com/view/photo/s_ratio_poster/public/p2173707976.jpg,https://movie.douban.com/subject/1294371/,摩登时代,9.2,大时代中的人生，小人物的悲喜。
https://img1.doubanio.com/view/photo/s_ratio_poster/public/p1374786017.jpg,https://movie.douban.com/subject/4917726/,阳光姐妹淘,8.8,再多各自牛逼的时光，也比不上一起傻逼的岁月。 
https://img3.doubanio.com/view/photo/s_ratio_poster/public/p455677490.jpg,https://movie.douban.com/subject/1292208/,上帝之城,8.9,被上帝抛弃了的上帝之城。
https://img3.doubanio.com/view/photo/s_ratio_poster/public/p452582315.jpg,https://movie.douban.com/subject/1296339/,爱在黎明破晓前,8.7,缘分是个连绵词，最美不过一瞬。
https://img3.doubanio.com/view/photo/s_ratio_poster/public/p2221768894.jpg,https://movie.douban.com/subject/21318488/,消失的爱人,8.7,年度最佳date movie。
https://img3.doubanio.com/view/photo/s_ratio_poster/public/p456692072.jpg,https://movie.douban.com/subject/1297052/,侧耳倾听,8.8,少女情怀总是诗。
https://img3.doubanio.com/view/photo/s_ratio_poster/public/p1917567652.jpg,https://movie.douban.com/subject/1291585/,风之谷,8.8,动画片的圣经。
https://img3.doubanio.com/view/photo/s_ratio_poster/public/p1910924055.jpg,https://movie.douban.com/subject/1291990/,爱在日落黄昏时,8.8,九年后的重逢是世俗和责任的交叠，没了悸动和青涩，沧桑而温暖。
https://img3.doubanio.com/view/photo/s_ratio_poster/public/p2414157745.jpg,https://movie.douban.com/subject/1297447/,倩女幽魂,8.6,两张绝世的脸。 
https://img3.doubanio.com/view/photo/s_ratio_poster/public/p1305562621.jpg,https://movie.douban.com/subject/5322596/,超脱,8.8,穷尽一生，我们要学会的，不过是彼此拥抱。
https://img3.doubanio.com/view/photo/s_ratio_poster/public/p2016930906.jpg,https://movie.douban.com/subject/21360417/,恐怖直播,8.7,恐怖分子的“秋菊打官司”。
https://img3.doubanio.com/view/photo/s_ratio_poster/public/p672363704.jpg,https://movie.douban.com/subject/1865703/,红辣椒,8.9,梦的勾结。
https://img3.doubanio.com/view/photo/s_ratio_poster/public/p1043597424.jpg,https://movie.douban.com/subject/1302425/,喜剧之王,8.6,我是一个演员。
https://img3.doubanio.com/view/photo/s_ratio_poster/public/p2221319641.jpg,https://movie.douban.com/subject/25814705/,小森林 夏秋篇,8.9,那些静得只能听见呼吸的日子里，你明白孤独即生活。
https://img3.doubanio.com/view/photo/s_ratio_poster/public/p751835224.jpg,https://movie.douban.com/subject/1293359/,菊次郎的夏天,8.7,从没见过那么流氓的温柔，从没见过那么温柔的流氓。
https://img1.doubanio.com/view/photo/s_ratio_poster/public/p450042258.jpg,https://movie.douban.com/subject/2353023/,驯龙高手,8.7,和谐的生活离不开摸头与被摸头。
https://img3.doubanio.com/view/photo/s_ratio_poster/public/p792263736.jpg,https://movie.douban.com/subject/1292274/,幸福终点站,8.7,有时候幸福需要等一等。 
https://img3.doubanio.com/view/photo/s_ratio_poster/public/p617533616.jpg,https://movie.douban.com/subject/4202302/,借东西的小人阿莉埃蒂,8.7,曾经的那段美好会沉淀为一辈子的记忆。
https://img1.doubanio.com/view/photo/s_ratio_poster/public/p792776858.jpg,https://movie.douban.com/subject/3287562/,神偷奶爸,8.5,Mr. I Don't Care其实也有Care的时候。
https://img3.doubanio.com/view/photo/s_ratio_poster/public/p456666151.jpg,https://movie.douban.com/subject/3792799/,岁月神偷,8.6,岁月流逝，来日可追。
https://img1.doubanio.com/view/photo/s_ratio_poster/public/p2237136718.jpg,https://movie.douban.com/subject/1293318/,萤火虫之墓,8.7,幸福是生生不息，却难以触及的远。 
https://img3.doubanio.com/view/photo/s_ratio_poster/public/p647099823.jpg,https://movie.douban.com/subject/1295399/,七武士,9.2,时代悲歌。
https://img1.doubanio.com/view/photo/s_ratio_poster/public/p480225538.jpg,https://movie.douban.com/subject/1300299/,杀人回忆,8.7,关于连环杀人悬案的集体回忆。
https://img1.doubanio.com/view/photo/s_ratio_poster/public/p2513247938.jpg,https://movie.douban.com/subject/1291579/,怪兽电力公司,8.6,不要给它起名字，起了名字就有感情了。
https://img1.doubanio.com/view/photo/s_ratio_poster/public/p792223507.jpg,https://movie.douban.com/subject/1578507/,谍影重重3,8.7,像吃了苏打饼一样干脆的电影。
https://img1.doubanio.com/view/photo/s_ratio_poster/public/p2249048907.jpg,https://movie.douban.com/subject/1303037/,喜宴,8.8,中国家庭的喜怒哀乐忍。
https://img3.doubanio.com/view/photo/s_ratio_poster/public/p2163771304.jpg,https://movie.douban.com/subject/1417598/,电锯惊魂,8.7,真相就在眼前。
https://img3.doubanio.com/view/photo/s_ratio_poster/public/p2434249040.jpg,https://movie.douban.com/subject/2209573/,贫民窟的百万富翁,8.5,上帝之城+猜火车+阿甘正传+开心辞典=山寨富翁
https://img3.doubanio.com/view/photo/s_ratio_poster/public/p1982176012.jpg,https://movie.douban.com/subject/1292328/,东邪西毒,8.6,电影诗。
https://img3.doubanio.com/view/photo/s_ratio_poster/public/p475600770.jpg,https://movie.douban.com/subject/1292401/,真爱至上,8.5,爱，是个动词。
https://img3.doubanio.com/view/photo/s_ratio_poster/public/p641688453.jpg,https://movie.douban.com/subject/1304447/,记忆碎片,8.6,一个针管引发的血案。
https://img3.doubanio.com/view/photo/s_ratio_poster/public/p719282906.jpg,https://movie.douban.com/subject/1978709/,黑天鹅,8.5,黑暗之美。
https://img1.doubanio.com/view/photo/s_ratio_poster/public/p1867084027.jpg,https://movie.douban.com/subject/1907966/,疯狂原始人,8.7,老少皆宜，这就是好莱坞动画的魅力。
https://img1.doubanio.com/view/photo/s_ratio_poster/public/p2215147728.jpg,https://movie.douban.com/subject/25814707/,小森林 冬春篇,9.0,尊敬他人，尊敬你生活的这片土地，明白孤独是人生的常态。
https://img3.doubanio.com/view/photo/s_ratio_poster/public/p942376281.jpg,https://movie.douban.com/subject/1291870/,雨人,8.6,生活在自己的世界里，也可以让周围的人显得可笑和渺小。
https://img3.doubanio.com/view/photo/s_ratio_poster/public/p2505525050.jpg,https://movie.douban.com/subject/26799731/,请以你的名字呼唤我,8.8,沉醉在电影的情感和视听氛围中无法自拔。
https://img3.doubanio.com/view/photo/s_ratio_poster/public/p917846733.jpg,https://movie.douban.com/subject/3011235/,哈利·波特与死亡圣器(下),8.7,10年的完美句点。
https://img3.doubanio.com/view/photo/s_ratio_poster/public/p497010372.jpg,https://movie.douban.com/subject/3443389/,海洋,9.0,大海啊，不全是水。
https://img1.doubanio.com/view/photo/s_ratio_poster/public/p1272904657.jpg,https://movie.douban.com/subject/5989818/,萤火之森,8.8,触不到的恋人。
https://img3.doubanio.com/view/photo/s_ratio_poster/public/p2159368352.jpg,https://movie.douban.com/subject/1291822/,卢旺达饭店,8.9,当这个世界闭上双眼，他却敞开了怀抱。
https://img1.doubanio.com/view/photo/s_ratio_poster/public/p2504997087.jpg,https://movie.douban.com/subject/1297574/,英雄本色,8.6,英雄泪短，兄弟情长。 
https://img3.doubanio.com/view/photo/s_ratio_poster/public/p1816276065.jpg,https://movie.douban.com/subject/10777687/,7号房的礼物,8.7,《我是山姆》的《美丽人生》。
https://img3.doubanio.com/view/photo/s_ratio_poster/public/p2275298525.jpg,https://movie.douban.com/subject/25917973/,心迷宫,8.7,荒诞讽刺，千奇百巧，抽丝剥茧，百转千回。
https://img3.doubanio.com/view/photo/s_ratio_poster/public/p2399597512.jpg,https://movie.douban.com/subject/1296909/,虎口脱险,8.9,永远看不腻的喜剧。
https://img3.doubanio.com/view/photo/s_ratio_poster/public/p2192834364.jpg,https://movie.douban.com/subject/24750126/,荒蛮故事,8.8,始于荒诞，止于更荒诞。
https://img3.doubanio.com/view/photo/s_ratio_poster/public/p452005185.jpg,https://movie.douban.com/subject/1418200/,傲慢与偏见,8.5,爱是摈弃傲慢与偏见之后的曙光。
https://img1.doubanio.com/view/photo/s_ratio_poster/public/p1023654037.jpg,https://movie.douban.com/subject/1295865/,燃情岁月,8.7,传奇，不是每个人都可以拥有。
https://img1.doubanio.com/view/photo/s_ratio_poster/public/p2224568669.jpg,https://movie.douban.com/subject/11026735/,超能陆战队,8.6,Balalala~~~
https://img1.doubanio.com/view/photo/s_ratio_poster/public/p2496940327.jpg,https://movie.douban.com/subject/25980443/,海边的曼彻斯特,8.6,我们都有权利不与自己的过去和解。
https://img3.doubanio.com/view/photo/s_ratio_poster/public/p1706428744.jpg,https://movie.douban.com/subject/3395373/,蝙蝠侠：黑暗骑士崛起,8.6,诺兰就是保证。
https://img3.doubanio.com/view/photo/s_ratio_poster/public/p1946455272.jpg,https://movie.douban.com/subject/1306249/,唐伯虎点秋香,8.4,华太师是黄霑，吴镇宇四大才子之一。
https://img3.doubanio.com/view/photo/s_ratio_poster/public/p2169664351.jpg,https://movie.douban.com/subject/1294240/,教父3,8.8,任何信念的力量，都无法改变命运。
https://img3.doubanio.com/view/photo/s_ratio_poster/public/p2272146906.jpg,https://movie.douban.com/subject/1295409/,纵横四海,8.7,香港浪漫主义警匪动作片的巅峰之作。
https://img3.doubanio.com/view/photo/s_ratio_poster/public/p2070153774.jpg,https://movie.douban.com/subject/10577869/,时空恋旅人,8.6,把每天当作最后一天般珍惜度过，积极拥抱生活，就是幸福。
https://img1.doubanio.com/view/photo/s_ratio_poster/public/p1283675359.jpg,https://movie.douban.com/subject/1858711/,玩具总动员3,8.8,跨度十五年的欢乐与泪水。
https://img3.doubanio.com/view/photo/s_ratio_poster/public/p792403691.jpg,https://movie.douban.com/subject/1300992/,完美的世界,9.0,坏人的好总是比好人的好来得更感人。
https://img3.doubanio.com/view/photo/s_ratio_poster/public/p483604864.jpg,https://movie.douban.com/subject/1309163/,恋恋笔记本,8.5,爱情没有那么多借口，如果不能圆满，只能说明爱的不够。 
https://img3.doubanio.com/view/photo/s_ratio_poster/public/p1910828286.jpg,https://movie.douban.com/subject/1291557/,花样年华,8.5,偷情本没有这样美。
https://img1.doubanio.com/view/photo/s_ratio_poster/public/p2166160837.jpg,https://movie.douban.com/subject/1793929/,达拉斯买家俱乐部,8.7,Jared Leto的腿比女人还美！
https://img1.doubanio.com/view/photo/s_ratio_poster/public/p2457609817.jpg,https://movie.douban.com/subject/26430107/,二十二,8.7,有一些东西不应该被遗忘。
https://img3.doubanio.com/view/photo/s_ratio_poster/public/p661160053.jpg,https://movie.douban.com/subject/1292337/,无人知晓,9.1,我的平常生活就是他人的幸福。
https://img3.doubanio.com/view/photo/s_ratio_poster/public/p1612355875.jpg,https://movie.douban.com/subject/1293460/,雨中曲,9.0,骨灰级歌舞片。
https://img1.doubanio.com/view/photo/s_ratio_poster/public/p2351134499.jpg,https://movie.douban.com/subject/1293964/,魂断蓝桥,8.8,中国式内在的美国电影。
https://img1.doubanio.com/view/photo/s_ratio_poster/public/p513567548.jpg,https://movie.douban.com/subject/1292528/,猜火车,8.5,不可猜的青春迷笛。 
https://img3.doubanio.com/view/photo/s_ratio_poster/public/p2079334286.jpg,https://movie.douban.com/subject/1937946/,穿越时空的少女,8.6,爱上未来的你。 
https://img3.doubanio.com/view/photo/s_ratio_poster/public/p652417775.jpg,https://movie.douban.com/subject/1306861/,我是山姆,8.8,爱并不需要智商 。
https://img1.doubanio.com/view/photo/s_ratio_poster/public/p2398141939.jpg,https://movie.douban.com/subject/26325320/,血战钢锯岭,8.7,优秀的战争片不会美化战场，不会粉饰死亡，不会矮化敌人，不会无视常识，最重要的，不会宣扬战争。
https://img1.doubanio.com/view/photo/s_ratio_poster/public/p1910895719.jpg,https://movie.douban.com/subject/1291578/,冰川时代,8.5,松鼠才是角儿。
https://img1.doubanio.com/view/photo/s_ratio_poster/public/p792257137.jpg,https://movie.douban.com/subject/1302827/,人工智能,8.6,对爱的执着，可以超越一切。
https://img3.doubanio.com/view/photo/s_ratio_poster/public/p2220776342.jpg,https://movie.douban.com/subject/25773932/,爆裂鼓手,8.6,这个世界从不善待努力的人，努力了也不一定会成功，但是知道自己在努力，就是活下去的动力。
https://img3.doubanio.com/view/photo/s_ratio_poster/public/p1344888983.jpg,https://movie.douban.com/subject/2297265/,浪潮,8.7,世界离独裁只有五天。
https://img1.doubanio.com/view/photo/s_ratio_poster/public/p1140984198.jpg,https://movie.douban.com/subject/2213597/,朗读者,8.5,当爱情跨越年龄的界限，它似乎能变得更久远一点，成为一种责任，一种水到渠成的相濡以沫。 
https://img1.doubanio.com/view/photo/s_ratio_poster/public/p1864872647.jpg,https://movie.douban.com/subject/1291879/,罗生门,8.7,人生的N种可能性。
https://img3.doubanio.com/view/photo/s_ratio_poster/public/p1351050722.jpg,https://movie.douban.com/subject/1395091/,未麻的部屋,8.8,好的剧本是，就算你猜到了结局也猜不到全部。
https://img1.doubanio.com/view/photo/s_ratio_poster/public/p470006658.jpg,https://movie.douban.com/subject/1760622/,香水,8.4,一个单凭体香达到高潮的男人。
https://img1.doubanio.com/view/photo/s_ratio_poster/public/p1959232369.jpg,https://movie.douban.com/subject/6307447/,被解救的姜戈,8.6,热血沸腾，那个低俗、性感的无耻混蛋又来了。
https://img3.doubanio.com/view/photo/s_ratio_poster/public/p2525770523.jpg,https://movie.douban.com/subject/1305690/,阿飞正传,8.5,王家卫是一种风格，张国荣是一个代表。
https://img3.doubanio.com/view/photo/s_ratio_poster/public/p2266293606.jpg,https://movie.douban.com/subject/10533913/,头脑特工队,8.7,愿我们都不用长大，每一座城堡都能永远存在。
https://img3.doubanio.com/view/photo/s_ratio_poster/public/p2363208684.jpg,https://movie.douban.com/subject/1308857/,可可西里,8.7,坚硬的信仰。
https://img3.doubanio.com/view/photo/s_ratio_poster/public/p462470694.jpg,https://movie.douban.com/subject/3011051/,恐怖游轮,8.4,不要企图在重复中寻找已经失去的爱。
https://img3.doubanio.com/view/photo/s_ratio_poster/public/p2189835254.jpg,https://movie.douban.com/subject/5964718/,一次别离,8.7,只有有信仰的人才能说出事实真相。
https://img3.doubanio.com/view/photo/s_ratio_poster/public/p2259715855.jpg,https://movie.douban.com/subject/25724855/,房间,8.8,被偷走的岁月，被伤害的生命，被禁锢的灵魂，终将被希望和善意救赎。
https://img1.doubanio.com/view/photo/s_ratio_poster/public/p1150103377.jpg,https://movie.douban.com/subject/1397546/,追随,8.9,诺兰的牛逼来源于内心散发出的恐惧。
https://img3.doubanio.com/view/photo/s_ratio_poster/public/p2075132390.jpg,https://movie.douban.com/subject/1388216/,撞车,8.6,天使与魔鬼的冲撞。
https://img3.doubanio.com/view/photo/s_ratio_poster/public/p453719066.jpg,https://movie.douban.com/subject/1419936/,战争之王,8.6,做一颗让别人需要你的棋子。
https://img1.doubanio.com/view/photo/s_ratio_poster/public/p2395733377.jpg,https://movie.douban.com/subject/26683290/,你的名字。,8.4,穿越错位的时空，仰望陨落的星辰，你没留下你的名字，我却无法忘记那句“我爱你”。
https://img3.doubanio.com/view/photo/s_ratio_poster/public/p1973489335.jpg,https://movie.douban.com/subject/2363506/,地球上的星星,8.8,天使保护事件始末。
https://img3.doubanio.com/view/photo/s_ratio_poster/public/p2255040492.jpg,https://movie.douban.com/subject/10463953/,模仿游戏,8.6,他给机器起名“克里斯托弗”，因为这是他初恋的名字。
https://img3.doubanio.com/view/photo/s_ratio_poster/public/p456676352.jpg,https://movie.douban.com/subject/1307811/,魔女宅急便,8.5,宫崎骏的电影总让人感觉世界是美好的，阳光明媚的。
https://img3.doubanio.com/view/photo/s_ratio_poster/public/p2406624993.jpg,https://movie.douban.com/subject/26628357/,一个叫欧维的男人决定去死,8.8,惠及一生的美丽。
https://img3.doubanio.com/view/photo/s_ratio_poster/public/p2297934945.jpg,https://movie.douban.com/subject/1959195/,忠犬八公物语,9.0,养狗三日，便会对你终其一生。
https://img3.doubanio.com/view/photo/s_ratio_poster/public/p1597183981.jpg,https://movie.douban.com/subject/1304102/,谍影重重,8.5,哗啦啦啦啦，天在下雨，哗啦啦啦啦，云在哭泣……找自己。
https://img3.doubanio.com/view/photo/s_ratio_poster/public/p848381236.jpg,https://movie.douban.com/subject/1292329/,牯岭街少年杀人事件,8.8,弱者送给弱者的一刀。
https://img3.doubanio.com/view/photo/s_ratio_poster/public/p884936202.jpg,https://movie.douban.com/subject/1292270/,梦之安魂曲,8.7,一场没有春天的噩梦。
https://img3.doubanio.com/view/photo/s_ratio_poster/public/p667644866.jpg,https://movie.douban.com/subject/1308767/,谍影重重2,8.6,谁说王家卫镜头很晃？
https://img3.doubanio.com/view/photo/s_ratio_poster/public/p2522331945.jpg,https://movie.douban.com/subject/26614893/,完美陌生人,8.6,来啊，互相伤害啊！
https://img3.doubanio.com/view/photo/s_ratio_poster/public/p584021784.jpg,https://movie.douban.com/subject/1303394/,青蛇,8.5,人生如此，浮生如斯。谁人言，花彼岸，此生情长意短。谁都是不懂爱的罢了。
https://img3.doubanio.com/view/photo/s_ratio_poster/public/p2516566783.jpg,https://movie.douban.com/subject/1307315/,哪吒闹海,8.9,想你时你在闹海。
https://img3.doubanio.com/view/photo/s_ratio_poster/public/p1021883305.jpg,https://movie.douban.com/subject/1293181/,惊魂记,8.9,故事的反转与反转，分裂电影的始祖。
https://img3.doubanio.com/view/photo/s_ratio_poster/public/p2250287733.jpg,https://movie.douban.com/subject/6874403/,再次出发之纽约遇见你,8.5,爱我就给我看你的播放列表。
https://img3.doubanio.com/view/photo/s_ratio_poster/public/p2510956726.jpg,https://movie.douban.com/subject/26393561/,小萝莉的猴神大叔,8.5,宝莱坞的萝莉与大叔。
https://img1.doubanio.com/view/photo/s_ratio_poster/public/p443461818.jpg,https://movie.douban.com/subject/1302467/,黑客帝国3：矩阵革命,8.6,不得不说，《黑客帝国》系列是商业片与科幻、哲学完美结合的典范。
https://img3.doubanio.com/view/photo/s_ratio_poster/public/p1910832390.jpg,https://movie.douban.com/subject/1291568/,东京物语,9.2,东京那么大，如果有一天走失了，恐怕一辈子不能再相见。
https://img1.doubanio.com/view/photo/s_ratio_poster/public/p1421018669.jpg,https://movie.douban.com/subject/1292287/,新龙门客栈,8.5,嬉笑怒骂，调风动月。
https://img3.doubanio.com/view/photo/s_ratio_poster/public/p988260245.jpg,https://movie.douban.com/subject/3075287/,源代码,8.4,邓肯·琼斯继《月球》之后再度奉献出一部精彩绝伦的科幻佳作。
https://img3.doubanio.com/view/photo/s_ratio_poster/public/p1910909085.jpg,https://movie.douban.com/subject/1291844/,终结者2：审判日,8.6,少见的超越首部的续集，动作片中的经典。
https://img1.doubanio.com/view/photo/s_ratio_poster/public/p672446737.jpg,https://movie.douban.com/subject/2222996/,步履不停,8.8,日本的家庭电影已经是世界巅峰了，步履不停是巅峰中的佳作。
https://img3.doubanio.com/view/photo/s_ratio_poster/public/p794583044.jpg,https://movie.douban.com/subject/1291992/,末路狂花,8.7,没有了退路，只好飞向自由。
https://img3.doubanio.com/view/photo/s_ratio_poster/public/p767586451.jpg,https://movie.douban.com/subject/1300374/,绿里奇迹,8.7,天使暂时离开。
https://img1.doubanio.com/view/photo/s_ratio_poster/public/p2232247487.jpg,https://movie.douban.com/subject/25895901/,海街日记,8.7,是枝裕和的家庭习作。
https://img3.doubanio.com/view/photo/s_ratio_poster/public/p982896012.jpg,https://movie.douban.com/subject/2043546/,秒速5厘米,8.3,青春就是放弃和怀念。
https://img3.doubanio.com/view/photo/s_ratio_poster/public/p455722535.jpg,https://movie.douban.com/subject/1300960/,碧海蓝天,8.7,在那片深蓝中，感受来自大海的忧伤寂寞与美丽自由。
https://img3.doubanio.com/view/photo/s_ratio_poster/public/p2099815842.jpg,https://movie.douban.com/subject/1293908/,城市之光,9.2,永远的小人物，伟大的卓别林。
https://img3.doubanio.com/view/photo/s_ratio_poster/public/p1505312273.jpg,https://movie.douban.com/subject/4739952/,初恋这件小事,8.3,黑小鸭速效美白记。
https://img3.doubanio.com/view/photo/s_ratio_poster/public/p1735642656.jpg,https://movie.douban.com/subject/6534248/,无敌破坏王,8.7,迪士尼和皮克斯拿错剧本的产物。
https://img3.doubanio.com/view/photo/s_ratio_poster/public/p513303986.jpg,https://movie.douban.com/subject/2300586/,这个男人来自地球,8.5,科幻真正的魅力不是视觉效果能取代的。 
https://img3.doubanio.com/view/photo/s_ratio_poster/public/p770734475.jpg,https://movie.douban.com/subject/1438652/,无耻混蛋,8.5,昆汀同学越来越变态了，比北野武还杜琪峰。
https://img3.doubanio.com/view/photo/s_ratio_poster/public/p636048104.jpg,https://movie.douban.com/subject/1292728/,勇闯夺命岛,8.6,类型片的极致。 
https://img1.doubanio.com/view/photo/s_ratio_poster/public/p2074715729.jpg,https://movie.douban.com/subject/10808442/,爱在午夜降临前,8.8,所谓爱情，就是话唠一路，都不会心生腻烦，彼此嫌弃。
https://img3.doubanio.com/view/photo/s_ratio_poster/public/p712241453.jpg,https://movie.douban.com/subject/1862151/,疯狂的石头,8.3,中国版《两杆大烟枪》。
https://img3.doubanio.com/view/photo/s_ratio_poster/public/p769608791.jpg,https://movie.douban.com/subject/3007773/,海盗电台,8.6,生命不止，摇滚不死。
https://img3.doubanio.com/view/photo/s_ratio_poster/public/p1244791866.jpg,https://movie.douban.com/subject/1296753/,卡萨布兰卡,8.6,世界上有那么多女人那么多酒馆，但她偏偏走进我的这家。
https://img3.doubanio.com/view/photo/s_ratio_poster/public/p2173855883.jpg,https://movie.douban.com/subject/1292659/,变脸,8.4,当发哥的风衣、墨镜出现在了凯奇身上⋯⋯
https://img3.doubanio.com/view/photo/s_ratio_poster/public/p984732992.jpg,https://movie.douban.com/subject/1294638/,E.T. 外星人,8.5,生病的E.T.皮肤的颜色就像柿子饼。
https://img3.doubanio.com/view/photo/s_ratio_poster/public/p529908155.jpg,https://movie.douban.com/subject/1292233/,发条橙,8.5,我完全康复了。
https://img1.doubanio.com/view/photo/s_ratio_poster/public/p2101693489.jpg,https://movie.douban.com/subject/1401118/,黄金三镖客,9.1,最棒的西部片。
https://img3.doubanio.com/view/photo/s_ratio_poster/public/p571671715.jpg,https://movie.douban.com/subject/1292062/,美国丽人,8.5,每个人的内心都是深不可测的大海。 
https://img3.doubanio.com/view/photo/s_ratio_poster/public/p2187896711.jpg,https://movie.douban.com/subject/25807345/,彗星来的那一夜,8.4,小成本大魅力。
https://img1.doubanio.com/view/photo/s_ratio_poster/public/p465687407.jpg,https://movie.douban.com/subject/1905462/,荒野生存,8.6,出门必备：本草纲目。
https://img3.doubanio.com/view/photo/s_ratio_poster/public/p2408623752.jpg,https://movie.douban.com/subject/1291853/,英国病人,8.5,"In memory, love lives forever..."
https://img3.doubanio.com/view/photo/s_ratio_poster/public/p1244017073.jpg,https://movie.douban.com/subject/1428175/,血钻,8.5,每个美丽事物背后都是滴血的现实。
https://img1.doubanio.com/view/photo/s_ratio_poster/public/p2263822658.jpg,https://movie.douban.com/subject/25954475/,聚焦,8.8,新闻人的理性求真。
https://img1.doubanio.com/view/photo/s_ratio_poster/public/p768879237.jpg,https://movie.douban.com/subject/4023638/,国王的演讲,8.3,皇上无话儿。
https://img1.doubanio.com/view/photo/s_ratio_poster/public/p2238274168.jpg,https://movie.douban.com/subject/1292281/,迁徙的鸟,9.1,最美的飞翔。
https://img3.doubanio.com/view/photo/s_ratio_poster/public/p470383576.jpg,https://movie.douban.com/subject/1292214/,非常嫌疑犯,8.6,我不信仰上帝，但我敬畏上帝。
https://img3.doubanio.com/view/photo/s_ratio_poster/public/p1145536386.jpg,https://movie.douban.com/subject/3217169/,勇士,8.9,热血沸腾，相当完美的娱乐拳击大餐。
https://img3.doubanio.com/view/photo/s_ratio_poster/public/p532195562.jpg,https://movie.douban.com/subject/1307793/,燕尾蝶,8.6,现实与童话交相辉映的旅程。
https://img3.doubanio.com/view/photo/s_ratio_poster/public/p1910900710.jpg,https://movie.douban.com/subject/1291824/,黑鹰坠落,8.6,还原真实而残酷的战争。
https://img3.doubanio.com/view/photo/s_ratio_poster/public/p708613284.jpg,https://movie.douban.com/subject/1867345/,遗愿清单,8.5,用剩余不多的时间，去燃烧整个生命。
https://img3.doubanio.com/view/photo/s_ratio_poster/public/p792248233.jpg,https://movie.douban.com/subject/1292217/,穆赫兰道,8.3,大卫·林奇的梦境迷宫。
https://img1.doubanio.com/view/photo/s_ratio_poster/public/p1075591188.jpg,https://movie.douban.com/subject/5908478/,我爱你,9.0,你要相信，这世上真的有爱存在，不管在什么年纪 
https://img1.doubanio.com/view/photo/s_ratio_poster/public/p628364149.jpg,https://movie.douban.com/subject/4798888/,叫我第一名,8.6,乐观比一切都有力量。
https://img3.doubanio.com/view/photo/s_ratio_poster/public/p1538646661.jpg,https://movie.douban.com/subject/1300741/,枪火,8.6,一群演技精湛的戏骨，奉献出一个精致的黑帮小品，成就杜琪峰群戏的巅峰之作。
https://img3.doubanio.com/view/photo/s_ratio_poster/public/p2207673534.jpg,https://movie.douban.com/subject/1298653/,荒岛余生,8.5,一个人的独角戏。
https://img3.doubanio.com/view/photo/s_ratio_poster/public/p792189453.jpg,https://movie.douban.com/subject/1292226/,2001太空漫游,8.7,现代科幻电影的开山之作，最伟大导演的最伟大影片。
https://img1.doubanio.com/view/photo/s_ratio_poster/public/p2173719647.jpg,https://movie.douban.com/subject/1297478/,上帝也疯狂,8.7,纯净原始的笑与感动。
https://img3.doubanio.com/view/photo/s_ratio_poster/public/p2195672555.jpg,https://movie.douban.com/subject/1300117/,千钧一发,8.7,一部能引人思考的科幻励志片。
https://img1.doubanio.com/view/photo/s_ratio_poster/public/p2186861098.jpg,https://movie.douban.com/subject/1305725/,大卫·戈尔的一生,8.6,捍卫人权只是信仰，一点不妨碍其行为的残忍。
https://img3.doubanio.com/view/photo/s_ratio_poster/public/p584822570.jpg,https://movie.douban.com/subject/1308575/,蓝色大门,8.3,青春的窃窃私语。 
